BEGIN;

-- Makes (UPPERCASE)
INSERT INTO make (name, year) VALUES
('FORD', 2000),('FORD', 2001),('FORD', 2002),('FORD', 2003),('FORD', 2004),('FORD', 2005),('FORD', 2006),('FORD', 2007),('FORD', 2008),('FORD', 2009),('FORD', 2010),('FORD', 2011),('FORD', 2012),('FORD', 2013),('FORD', 2014),('FORD', 2015),('FORD', 2016),('FORD', 2017),('FORD', 2018),('FORD', 2019),('FORD', 2020),('FORD', 2021),('FORD', 2022),('FORD', 2023),('FORD', 2024),('FORD', 2025),('FORD', 2026),
('CHEVROLET', 2000),('CHEVROLET', 2001),('CHEVROLET', 2002),('CHEVROLET', 2003),('CHEVROLET', 2004),('CHEVROLET', 2005),('CHEVROLET', 2006),('CHEVROLET', 2007),('CHEVROLET', 2008),('CHEVROLET', 2009),('CHEVROLET', 2010),('CHEVROLET', 2011),('CHEVROLET', 2012),('CHEVROLET', 2013),('CHEVROLET', 2014),('CHEVROLET', 2015),('CHEVROLET', 2016),('CHEVROLET', 2017),('CHEVROLET', 2018),('CHEVROLET', 2019),('CHEVROLET', 2020),('CHEVROLET', 2021),('CHEVROLET', 2022),('CHEVROLET', 2023),('CHEVROLET', 2024),('CHEVROLET', 2025),('CHEVROLET', 2026),
('TESLA', 2000),('TESLA', 2001),('TESLA', 2002),('TESLA', 2003),('TESLA', 2004),('TESLA', 2005),('TESLA', 2006),('TESLA', 2007),('TESLA', 2008),('TESLA', 2009),('TESLA', 2010),('TESLA', 2011),('TESLA', 2012),('TESLA', 2013),('TESLA', 2014),('TESLA', 2015),('TESLA', 2016),('TESLA', 2017),('TESLA', 2018),('TESLA', 2019),('TESLA', 2020),('TESLA', 2021),('TESLA', 2022),('TESLA', 2023),('TESLA', 2024),('TESLA', 2025),('TESLA', 2026),
('CHRYSLER', 2000),('CHRYSLER', 2001),('CHRYSLER', 2002),('CHRYSLER', 2003),('CHRYSLER', 2004),('CHRYSLER', 2005),('CHRYSLER', 2006),('CHRYSLER', 2007),('CHRYSLER', 2008),('CHRYSLER', 2009),('CHRYSLER', 2010),('CHRYSLER', 2011),('CHRYSLER', 2012),('CHRYSLER', 2013),('CHRYSLER', 2014),('CHRYSLER', 2015),('CHRYSLER', 2016),('CHRYSLER', 2017),('CHRYSLER', 2018),('CHRYSLER', 2019),('CHRYSLER', 2020),('CHRYSLER', 2021),('CHRYSLER', 2022),('CHRYSLER', 2023),('CHRYSLER', 2024),('CHRYSLER', 2025),('CHRYSLER', 2026),
('DODGE', 2000),('DODGE', 2001),('DODGE', 2002),('DODGE', 2003),('DODGE', 2004),('DODGE', 2005),('DODGE', 2006),('DODGE', 2007),('DODGE', 2008),('DODGE', 2009),('DODGE', 2010),('DODGE', 2011),('DODGE', 2012),('DODGE', 2013),('DODGE', 2014),('DODGE', 2015),('DODGE', 2016),('DODGE', 2017),('DODGE', 2018),('DODGE', 2019),('DODGE', 2020),('DODGE', 2021),('DODGE', 2022),('DODGE', 2023),('DODGE', 2024),('DODGE', 2025),('DODGE', 2026),
('GMC', 2000),('GMC', 2001),('GMC', 2002),('GMC', 2003),('GMC', 2004),('GMC', 2005),('GMC', 2006),('GMC', 2007),('GMC', 2008),('GMC', 2009),('GMC', 2010),('GMC', 2011),('GMC', 2012),('GMC', 2013),('GMC', 2014),('GMC', 2015),('GMC', 2016),('GMC', 2017),('GMC', 2018),('GMC', 2019),('GMC', 2020),('GMC', 2021),('GMC', 2022),('GMC', 2023),('GMC', 2024),('GMC', 2025),('GMC', 2026),
('CADILLAC', 2000),('CADILLAC', 2001),('CADILLAC', 2002),('CADILLAC', 2003),('CADILLAC', 2004),('CADILLAC', 2005),('CADILLAC', 2006),('CADILLAC', 2007),('CADILLAC', 2008),('CADILLAC', 2009),('CADILLAC', 2010),('CADILLAC', 2011),('CADILLAC', 2012),('CADILLAC', 2013),('CADILLAC', 2014),('CADILLAC', 2015),('CADILLAC', 2016),('CADILLAC', 2017),('CADILLAC', 2018),('CADILLAC', 2019),('CADILLAC', 2020),('CADILLAC', 2021),('CADILLAC', 2022),('CADILLAC', 2023),('CADILLAC', 2024),('CADILLAC', 2025),('CADILLAC', 2026),
('LINCOLN', 2000),('LINCOLN', 2001),('LINCOLN', 2002),('LINCOLN', 2003),('LINCOLN', 2004),('LINCOLN', 2005),('LINCOLN', 2006),('LINCOLN', 2007),('LINCOLN', 2008),('LINCOLN', 2009),('LINCOLN', 2010),('LINCOLN', 2011),('LINCOLN', 2012),('LINCOLN', 2013),('LINCOLN', 2014),('LINCOLN', 2015),('LINCOLN', 2016),('LINCOLN', 2017),('LINCOLN', 2018),('LINCOLN', 2019),('LINCOLN', 2020),('LINCOLN', 2021),('LINCOLN', 2022),('LINCOLN', 2023),('LINCOLN', 2024),('LINCOLN', 2025),('LINCOLN', 2026),
('BUICK', 2000),('BUICK', 2001),('BUICK', 2002),('BUICK', 2003),('BUICK', 2004),('BUICK', 2005),('BUICK', 2006),('BUICK', 2007),('BUICK', 2008),('BUICK', 2009),('BUICK', 2010),('BUICK', 2011),('BUICK', 2012),('BUICK', 2013),('BUICK', 2014),('BUICK', 2015),('BUICK', 2016),('BUICK', 2017),('BUICK', 2018),('BUICK', 2019),('BUICK', 2020),('BUICK', 2021),('BUICK', 2022),('BUICK', 2023),('BUICK', 2024),('BUICK', 2025),('BUICK', 2026),
('JEEP', 2000),('JEEP', 2001),('JEEP', 2002),('JEEP', 2003),('JEEP', 2004),('JEEP', 2005),('JEEP', 2006),('JEEP', 2007),('JEEP', 2008),('JEEP', 2009),('JEEP', 2010),('JEEP', 2011),('JEEP', 2012),('JEEP', 2013),('JEEP', 2014),('JEEP', 2015),('JEEP', 2016),('JEEP', 2017),('JEEP', 2018),('JEEP', 2019),('JEEP', 2020),('JEEP', 2021),('JEEP', 2022),('JEEP', 2023),('JEEP', 2024),('JEEP', 2025),('JEEP', 2026),
('VOLKSWAGEN', 2000),('VOLKSWAGEN', 2001),('VOLKSWAGEN', 2002),('VOLKSWAGEN', 2003),('VOLKSWAGEN', 2004),('VOLKSWAGEN', 2005),('VOLKSWAGEN', 2006),('VOLKSWAGEN', 2007),('VOLKSWAGEN', 2008),('VOLKSWAGEN', 2009),('VOLKSWAGEN', 2010),('VOLKSWAGEN', 2011),('VOLKSWAGEN', 2012),('VOLKSWAGEN', 2013),('VOLKSWAGEN', 2014),('VOLKSWAGEN', 2015),('VOLKSWAGEN', 2016),('VOLKSWAGEN', 2017),('VOLKSWAGEN', 2018),('VOLKSWAGEN', 2019),('VOLKSWAGEN', 2020),('VOLKSWAGEN', 2021),('VOLKSWAGEN', 2022),('VOLKSWAGEN', 2023),('VOLKSWAGEN', 2024),('VOLKSWAGEN', 2025),('VOLKSWAGEN', 2026),
('MERCEDES-BENZ', 2000),('MERCEDES-BENZ', 2001),('MERCEDES-BENZ', 2002),('MERCEDES-BENZ', 2003),('MERCEDES-BENZ', 2004),('MERCEDES-BENZ', 2005),('MERCEDES-BENZ', 2006),('MERCEDES-BENZ', 2007),('MERCEDES-BENZ', 2008),('MERCEDES-BENZ', 2009),('MERCEDES-BENZ', 2010),('MERCEDES-BENZ', 2011),('MERCEDES-BENZ', 2012),('MERCEDES-BENZ', 2013),('MERCEDES-BENZ', 2014),('MERCEDES-BENZ', 2015),('MERCEDES-BENZ', 2016),('MERCEDES-BENZ', 2017),('MERCEDES-BENZ', 2018),('MERCEDES-BENZ', 2019),('MERCEDES-BENZ', 2020),('MERCEDES-BENZ', 2021),('MERCEDES-BENZ', 2022),('MERCEDES-BENZ', 2023),('MERCEDES-BENZ', 2024),('MERCEDES-BENZ', 2025),('MERCEDES-BENZ', 2026),
('BMW', 2000),('BMW', 2001),('BMW', 2002),('BMW', 2003),('BMW', 2004),('BMW', 2005),('BMW', 2006),('BMW', 2007),('BMW', 2008),('BMW', 2009),('BMW', 2010),('BMW', 2011),('BMW', 2012),('BMW', 2013),('BMW', 2014),('BMW', 2015),('BMW', 2016),('BMW', 2017),('BMW', 2018),('BMW', 2019),('BMW', 2020),('BMW', 2021),('BMW', 2022),('BMW', 2023),('BMW', 2024),('BMW', 2025),('BMW', 2026),
('AUDI', 2000),('AUDI', 2001),('AUDI', 2002),('AUDI', 2003),('AUDI', 2004),('AUDI', 2005),('AUDI', 2006),('AUDI', 2007),('AUDI', 2008),('AUDI', 2009),('AUDI', 2010),('AUDI', 2011),('AUDI', 2012),('AUDI', 2013),('AUDI', 2014),('AUDI', 2015),('AUDI', 2016),('AUDI', 2017),('AUDI', 2018),('AUDI', 2019),('AUDI', 2020),('AUDI', 2021),('AUDI', 2022),('AUDI', 2023),('AUDI', 2024),('AUDI', 2025),('AUDI', 2026),
('PORSCHE', 2000),('PORSCHE', 2001),('PORSCHE', 2002),('PORSCHE', 2003),('PORSCHE', 2004),('PORSCHE', 2005),('PORSCHE', 2006),('PORSCHE', 2007),('PORSCHE', 2008),('PORSCHE', 2009),('PORSCHE', 2010),('PORSCHE', 2011),('PORSCHE', 2012),('PORSCHE', 2013),('PORSCHE', 2014),('PORSCHE', 2015),('PORSCHE', 2016),('PORSCHE', 2017),('PORSCHE', 2018),('PORSCHE', 2019),('PORSCHE', 2020),('PORSCHE', 2021),('PORSCHE', 2022),('PORSCHE', 2023),('PORSCHE', 2024),('PORSCHE', 2025),('PORSCHE', 2026),
('OPEL', 2000),('OPEL', 2001),('OPEL', 2002),('OPEL', 2003),('OPEL', 2004),('OPEL', 2005),('OPEL', 2006),('OPEL', 2007),('OPEL', 2008),('OPEL', 2009),('OPEL', 2010),('OPEL', 2011),('OPEL', 2012),('OPEL', 2013),('OPEL', 2014),('OPEL', 2015),('OPEL', 2016),('OPEL', 2017),('OPEL', 2018),('OPEL', 2019),('OPEL', 2020),('OPEL', 2021),('OPEL', 2022),('OPEL', 2023),('OPEL', 2024),('OPEL', 2025),('OPEL', 2026),
('SMART', 2000),('SMART', 2001),('SMART', 2002),('SMART', 2003),('SMART', 2004),('SMART', 2005),('SMART', 2006),('SMART', 2007),('SMART', 2008),('SMART', 2009),('SMART', 2010),('SMART', 2011),('SMART', 2012),('SMART', 2013),('SMART', 2014),('SMART', 2015),('SMART', 2016),('SMART', 2017),('SMART', 2018),('SMART', 2019),('SMART', 2020),('SMART', 2021),('SMART', 2022),('SMART', 2023),('SMART', 2024),('SMART', 2025),('SMART', 2026),
('TOYOTA', 2000),('TOYOTA', 2001),('TOYOTA', 2002),('TOYOTA', 2003),('TOYOTA', 2004),('TOYOTA', 2005),('TOYOTA', 2006),('TOYOTA', 2007),('TOYOTA', 2008),('TOYOTA', 2009),('TOYOTA', 2010),('TOYOTA', 2011),('TOYOTA', 2012),('TOYOTA', 2013),('TOYOTA', 2014),('TOYOTA', 2015),('TOYOTA', 2016),('TOYOTA', 2017),('TOYOTA', 2018),('TOYOTA', 2019),('TOYOTA', 2020),('TOYOTA', 2021),('TOYOTA', 2022),('TOYOTA', 2023),('TOYOTA', 2024),('TOYOTA', 2025),('TOYOTA', 2026),
('HONDA', 2000),('HONDA', 2001),('HONDA', 2002),('HONDA', 2003),('HONDA', 2004),('HONDA', 2005),('HONDA', 2006),('HONDA', 2007),('HONDA', 2008),('HONDA', 2009),('HONDA', 2010),('HONDA', 2011),('HONDA', 2012),('HONDA', 2013),('HONDA', 2014),('HONDA', 2015),('HONDA', 2016),('HONDA', 2017),('HONDA', 2018),('HONDA', 2019),('HONDA', 2020),('HONDA', 2021),('HONDA', 2022),('HONDA', 2023),('HONDA', 2024),('HONDA', 2025),('HONDA', 2026),
('NISSAN', 2000),('NISSAN', 2001),('NISSAN', 2002),('NISSAN', 2003),('NISSAN', 2004),('NISSAN', 2005),('NISSAN', 2006),('NISSAN', 2007),('NISSAN', 2008),('NISSAN', 2009),('NISSAN', 2010),('NISSAN', 2011),('NISSAN', 2012),('NISSAN', 2013),('NISSAN', 2014),('NISSAN', 2015),('NISSAN', 2016),('NISSAN', 2017),('NISSAN', 2018),('NISSAN', 2019),('NISSAN', 2020),('NISSAN', 2021),('NISSAN', 2022),('NISSAN', 2023),('NISSAN', 2024),('NISSAN', 2025),('NISSAN', 2026),
('SUBARU', 2000),('SUBARU', 2001),('SUBARU', 2002),('SUBARU', 2003),('SUBARU', 2004),('SUBARU', 2005),('SUBARU', 2006),('SUBARU', 2007),('SUBARU', 2008),('SUBARU', 2009),('SUBARU', 2010),('SUBARU', 2011),('SUBARU', 2012),('SUBARU', 2013),('SUBARU', 2014),('SUBARU', 2015),('SUBARU', 2016),('SUBARU', 2017),('SUBARU', 2018),('SUBARU', 2019),('SUBARU', 2020),('SUBARU', 2021),('SUBARU', 2022),('SUBARU', 2023),('SUBARU', 2024),('SUBARU', 2025),('SUBARU', 2026),
('MAZDA', 2000),('MAZDA', 2001),('MAZDA', 2002),('MAZDA', 2003),('MAZDA', 2004),('MAZDA', 2005),('MAZDA', 2006),('MAZDA', 2007),('MAZDA', 2008),('MAZDA', 2009),('MAZDA', 2010),('MAZDA', 2011),('MAZDA', 2012),('MAZDA', 2013),('MAZDA', 2014),('MAZDA', 2015),('MAZDA', 2016),('MAZDA', 2017),('MAZDA', 2018),('MAZDA', 2019),('MAZDA', 2020),('MAZDA', 2021),('MAZDA', 2022),('MAZDA', 2023),('MAZDA', 2024),('MAZDA', 2025),('MAZDA', 2026),
('MITSUBISHI', 2000),('MITSUBISHI', 2001),('MITSUBISHI', 2002),('MITSUBISHI', 2003),('MITSUBISHI', 2004),('MITSUBISHI', 2005),('MITSUBISHI', 2006),('MITSUBISHI', 2007),('MITSUBISHI', 2008),('MITSUBISHI', 2009),('MITSUBISHI', 2010),('MITSUBISHI', 2011),('MITSUBISHI', 2012),('MITSUBISHI', 2013),('MITSUBISHI', 2014),('MITSUBISHI', 2015),('MITSUBISHI', 2016),('MITSUBISHI', 2017),('MITSUBISHI', 2018),('MITSUBISHI', 2019),('MITSUBISHI', 2020),('MITSUBISHI', 2021),('MITSUBISHI', 2022),('MITSUBISHI', 2023),('MITSUBISHI', 2024),('MITSUBISHI', 2025),('MITSUBISHI', 2026),
('LEXUS', 2000),('LEXUS', 2001),('LEXUS', 2002),('LEXUS', 2003),('LEXUS', 2004),('LEXUS', 2005),('LEXUS', 2006),('LEXUS', 2007),('LEXUS', 2008),('LEXUS', 2009),('LEXUS', 2010),('LEXUS', 2011),('LEXUS', 2012),('LEXUS', 2013),('LEXUS', 2014),('LEXUS', 2015),('LEXUS', 2016),('LEXUS', 2017),('LEXUS', 2018),('LEXUS', 2019),('LEXUS', 2020),('LEXUS', 2021),('LEXUS', 2022),('LEXUS', 2023),('LEXUS', 2024),('LEXUS', 2025),('LEXUS', 2026),
('ACURA', 2000),('ACURA', 2001),('ACURA', 2002),('ACURA', 2003),('ACURA', 2004),('ACURA', 2005),('ACURA', 2006),('ACURA', 2007),('ACURA', 2008),('ACURA', 2009),('ACURA', 2010),('ACURA', 2011),('ACURA', 2012),('ACURA', 2013),('ACURA', 2014),('ACURA', 2015),('ACURA', 2016),('ACURA', 2017),('ACURA', 2018),('ACURA', 2019),('ACURA', 2020),('ACURA', 2021),('ACURA', 2022),('ACURA', 2023),('ACURA', 2024),('ACURA', 2025),('ACURA', 2026),
('INFINITI', 2000),('INFINITI', 2001),('INFINITI', 2002),('INFINITI', 2003),('INFINITI', 2004),('INFINITI', 2005),('INFINITI', 2006),('INFINITI', 2007),('INFINITI', 2008),('INFINITI', 2009),('INFINITI', 2010),('INFINITI', 2011),('INFINITI', 2012),('INFINITI', 2013),('INFINITI', 2014),('INFINITI', 2015),('INFINITI', 2016),('INFINITI', 2017),('INFINITI', 2018),('INFINITI', 2019),('INFINITI', 2020),('INFINITI', 2021),('INFINITI', 2022),('INFINITI', 2023),('INFINITI', 2024),('INFINITI', 2025),('INFINITI', 2026),
('FERRARI', 2000),('FERRARI', 2001),('FERRARI', 2002),('FERRARI', 2003),('FERRARI', 2004),('FERRARI', 2005),('FERRARI', 2006),('FERRARI', 2007),('FERRARI', 2008),('FERRARI', 2009),('FERRARI', 2010),('FERRARI', 2011),('FERRARI', 2012),('FERRARI', 2013),('FERRARI', 2014),('FERRARI', 2015),('FERRARI', 2016),('FERRARI', 2017),('FERRARI', 2018),('FERRARI', 2019),('FERRARI', 2020),('FERRARI', 2021),('FERRARI', 2022),('FERRARI', 2023),('FERRARI', 2024),('FERRARI', 2025),('FERRARI', 2026),
('LAMBORGHINI', 2000),('LAMBORGHINI', 2001),('LAMBORGHINI', 2002),('LAMBORGHINI', 2003),('LAMBORGHINI', 2004),('LAMBORGHINI', 2005),('LAMBORGHINI', 2006),('LAMBORGHINI', 2007),('LAMBORGHINI', 2008),('LAMBORGHINI', 2009),('LAMBORGHINI', 2010),('LAMBORGHINI', 2011),('LAMBORGHINI', 2012),('LAMBORGHINI', 2013),('LAMBORGHINI', 2014),('LAMBORGHINI', 2015),('LAMBORGHINI', 2016),('LAMBORGHINI', 2017),('LAMBORGHINI', 2018),('LAMBORGHINI', 2019),('LAMBORGHINI', 2020),('LAMBORGHINI', 2021),('LAMBORGHINI', 2022),('LAMBORGHINI', 2023),('LAMBORGHINI', 2024),('LAMBORGHINI', 2025),('LAMBORGHINI', 2026),
('MASERATI', 2000),('MASERATI', 2001),('MASERATI', 2002),('MASERATI', 2003),('MASERATI', 2004),('MASERATI', 2005),('MASERATI', 2006),('MASERATI', 2007),('MASERATI', 2008),('MASERATI', 2009),('MASERATI', 2010),('MASERATI', 2011),('MASERATI', 2012),('MASERATI', 2013),('MASERATI', 2014),('MASERATI', 2015),('MASERATI', 2016),('MASERATI', 2017),('MASERATI', 2018),('MASERATI', 2019),('MASERATI', 2020),('MASERATI', 2021),('MASERATI', 2022),('MASERATI', 2023),('MASERATI', 2024),('MASERATI', 2025),('MASERATI', 2026),
('ALFA ROMEO', 2000),('ALFA ROMEO', 2001),('ALFA ROMEO', 2002),('ALFA ROMEO', 2003),('ALFA ROMEO', 2004),('ALFA ROMEO', 2005),('ALFA ROMEO', 2006),('ALFA ROMEO', 2007),('ALFA ROMEO', 2008),('ALFA ROMEO', 2009),('ALFA ROMEO', 2010),('ALFA ROMEO', 2011),('ALFA ROMEO', 2012),('ALFA ROMEO', 2013),('ALFA ROMEO', 2014),('ALFA ROMEO', 2015),('ALFA ROMEO', 2016),('ALFA ROMEO', 2017),('ALFA ROMEO', 2018),('ALFA ROMEO', 2019),('ALFA ROMEO', 2020),('ALFA ROMEO', 2021),('ALFA ROMEO', 2022),('ALFA ROMEO', 2023),('ALFA ROMEO', 2024),('ALFA ROMEO', 2025),('ALFA ROMEO', 2026),
('FIAT', 2000),('FIAT', 2001),('FIAT', 2002),('FIAT', 2003),('FIAT', 2004),('FIAT', 2005),('FIAT', 2006),('FIAT', 2007),('FIAT', 2008),('FIAT', 2009),('FIAT', 2010),('FIAT', 2011),('FIAT', 2012),('FIAT', 2013),('FIAT', 2014),('FIAT', 2015),('FIAT', 2016),('FIAT', 2017),('FIAT', 2018),('FIAT', 2019),('FIAT', 2020),('FIAT', 2021),('FIAT', 2022),('FIAT', 2023),('FIAT', 2024),('FIAT', 2025),('FIAT', 2026),
('PAGANI', 2000),('PAGANI', 2001),('PAGANI', 2002),('PAGANI', 2003),('PAGANI', 2004),('PAGANI', 2005),('PAGANI', 2006),('PAGANI', 2007),('PAGANI', 2008),('PAGANI', 2009),('PAGANI', 2010),('PAGANI', 2011),('PAGANI', 2012),('PAGANI', 2013),('PAGANI', 2014),('PAGANI', 2015),('PAGANI', 2016),('PAGANI', 2017),('PAGANI', 2018),('PAGANI', 2019),('PAGANI', 2020),('PAGANI', 2021),('PAGANI', 2022),('PAGANI', 2023),('PAGANI', 2024),('PAGANI', 2025),('PAGANI', 2026),
('HYUNDAI', 2000),('HYUNDAI', 2001),('HYUNDAI', 2002),('HYUNDAI', 2003),('HYUNDAI', 2004),('HYUNDAI', 2005),('HYUNDAI', 2006),('HYUNDAI', 2007),('HYUNDAI', 2008),('HYUNDAI', 2009),('HYUNDAI', 2010),('HYUNDAI', 2011),('HYUNDAI', 2012),('HYUNDAI', 2013),('HYUNDAI', 2014),('HYUNDAI', 2015),('HYUNDAI', 2016),('HYUNDAI', 2017),('HYUNDAI', 2018),('HYUNDAI', 2019),('HYUNDAI', 2020),('HYUNDAI', 2021),('HYUNDAI', 2022),('HYUNDAI', 2023),('HYUNDAI', 2024),('HYUNDAI', 2025),('HYUNDAI', 2026),
('KIA', 2000),('KIA', 2001),('KIA', 2002),('KIA', 2003),('KIA', 2004),('KIA', 2005),('KIA', 2006),('KIA', 2007),('KIA', 2008),('KIA', 2009),('KIA', 2010),('KIA', 2011),('KIA', 2012),('KIA', 2013),('KIA', 2014),('KIA', 2015),('KIA', 2016),('KIA', 2017),('KIA', 2018),('KIA', 2019),('KIA', 2020),('KIA', 2021),('KIA', 2022),('KIA', 2023),('KIA', 2024),('KIA', 2025),('KIA', 2026),
('GENESIS', 2000),('GENESIS', 2001),('GENESIS', 2002),('GENESIS', 2003),('GENESIS', 2004),('GENESIS', 2005),('GENESIS', 2006),('GENESIS', 2007),('GENESIS', 2008),('GENESIS', 2009),('GENESIS', 2010),('GENESIS', 2011),('GENESIS', 2012),('GENESIS', 2013),('GENESIS', 2014),('GENESIS', 2015),('GENESIS', 2016),('GENESIS', 2017),('GENESIS', 2018),('GENESIS', 2019),('GENESIS', 2020),('GENESIS', 2021),('GENESIS', 2022),('GENESIS', 2023),('GENESIS', 2024),('GENESIS', 2025),('GENESIS', 2026),
('LAND ROVER', 2000),('LAND ROVER', 2001),('LAND ROVER', 2002),('LAND ROVER', 2003),('LAND ROVER', 2004),('LAND ROVER', 2005),('LAND ROVER', 2006),('LAND ROVER', 2007),('LAND ROVER', 2008),('LAND ROVER', 2009),('LAND ROVER', 2010),('LAND ROVER', 2011),('LAND ROVER', 2012),('LAND ROVER', 2013),('LAND ROVER', 2014),('LAND ROVER', 2015),('LAND ROVER', 2016),('LAND ROVER', 2017),('LAND ROVER', 2018),('LAND ROVER', 2019),('LAND ROVER', 2020),('LAND ROVER', 2021),('LAND ROVER', 2022),('LAND ROVER', 2023),('LAND ROVER', 2024),('LAND ROVER', 2025),('LAND ROVER', 2026),
('JAGUAR', 2000),('JAGUAR', 2001),('JAGUAR', 2002),('JAGUAR', 2003),('JAGUAR', 2004),('JAGUAR', 2005),('JAGUAR', 2006),('JAGUAR', 2007),('JAGUAR', 2008),('JAGUAR', 2009),('JAGUAR', 2010),('JAGUAR', 2011),('JAGUAR', 2012),('JAGUAR', 2013),('JAGUAR', 2014),('JAGUAR', 2015),('JAGUAR', 2016),('JAGUAR', 2017),('JAGUAR', 2018),('JAGUAR', 2019),('JAGUAR', 2020),('JAGUAR', 2021),('JAGUAR', 2022),('JAGUAR', 2023),('JAGUAR', 2024),('JAGUAR', 2025),('JAGUAR', 2026),
('MINI', 2000),('MINI', 2001),('MINI', 2002),('MINI', 2003),('MINI', 2004),('MINI', 2005),('MINI', 2006),('MINI', 2007),('MINI', 2008),('MINI', 2009),('MINI', 2010),('MINI', 2011),('MINI', 2012),('MINI', 2013),('MINI', 2014),('MINI', 2015),('MINI', 2016),('MINI', 2017),('MINI', 2018),('MINI', 2019),('MINI', 2020),('MINI', 2021),('MINI', 2022),('MINI', 2023),('MINI', 2024),('MINI', 2025),('MINI', 2026),
('ASTON MARTIN', 2000),('ASTON MARTIN', 2001),('ASTON MARTIN', 2002),('ASTON MARTIN', 2003),('ASTON MARTIN', 2004),('ASTON MARTIN', 2005),('ASTON MARTIN', 2006),('ASTON MARTIN', 2007),('ASTON MARTIN', 2008),('ASTON MARTIN', 2009),('ASTON MARTIN', 2010),('ASTON MARTIN', 2011),('ASTON MARTIN', 2012),('ASTON MARTIN', 2013),('ASTON MARTIN', 2014),('ASTON MARTIN', 2015),('ASTON MARTIN', 2016),('ASTON MARTIN', 2017),('ASTON MARTIN', 2018),('ASTON MARTIN', 2019),('ASTON MARTIN', 2020),('ASTON MARTIN', 2021),('ASTON MARTIN', 2022),('ASTON MARTIN', 2023),('ASTON MARTIN', 2024),('ASTON MARTIN', 2025),('ASTON MARTIN', 2026),
('BENTLEY', 2000),('BENTLEY', 2001),('BENTLEY', 2002),('BENTLEY', 2003),('BENTLEY', 2004),('BENTLEY', 2005),('BENTLEY', 2006),('BENTLEY', 2007),('BENTLEY', 2008),('BENTLEY', 2009),('BENTLEY', 2010),('BENTLEY', 2011),('BENTLEY', 2012),('BENTLEY', 2013),('BENTLEY', 2014),('BENTLEY', 2015),('BENTLEY', 2016),('BENTLEY', 2017),('BENTLEY', 2018),('BENTLEY', 2019),('BENTLEY', 2020),('BENTLEY', 2021),('BENTLEY', 2022),('BENTLEY', 2023),('BENTLEY', 2024),('BENTLEY', 2025),('BENTLEY', 2026),
('ROLLS-ROYCE', 2000),('ROLLS-ROYCE', 2001),('ROLLS-ROYCE', 2002),('ROLLS-ROYCE', 2003),('ROLLS-ROYCE', 2004),('ROLLS-ROYCE', 2005),('ROLLS-ROYCE', 2006),('ROLLS-ROYCE', 2007),('ROLLS-ROYCE', 2008),('ROLLS-ROYCE', 2009),('ROLLS-ROYCE', 2010),('ROLLS-ROYCE', 2011),('ROLLS-ROYCE', 2012),('ROLLS-ROYCE', 2013),('ROLLS-ROYCE', 2014),('ROLLS-ROYCE', 2015),('ROLLS-ROYCE', 2016),('ROLLS-ROYCE', 2017),('ROLLS-ROYCE', 2018),('ROLLS-ROYCE', 2019),('ROLLS-ROYCE', 2020),('ROLLS-ROYCE', 2021),('ROLLS-ROYCE', 2022),('ROLLS-ROYCE', 2023),('ROLLS-ROYCE', 2024),('ROLLS-ROYCE', 2025),('ROLLS-ROYCE', 2026),
('PEUGEOT', 2000),('PEUGEOT', 2001),('PEUGEOT', 2002),('PEUGEOT', 2003),('PEUGEOT', 2004),('PEUGEOT', 2005),('PEUGEOT', 2006),('PEUGEOT', 2007),('PEUGEOT', 2008),('PEUGEOT', 2009),('PEUGEOT', 2010),('PEUGEOT', 2011),('PEUGEOT', 2012),('PEUGEOT', 2013),('PEUGEOT', 2014),('PEUGEOT', 2015),('PEUGEOT', 2016),('PEUGEOT', 2017),('PEUGEOT', 2018),('PEUGEOT', 2019),('PEUGEOT', 2020),('PEUGEOT', 2021),('PEUGEOT', 2022),('PEUGEOT', 2023),('PEUGEOT', 2024),('PEUGEOT', 2025),('PEUGEOT', 2026),
('RENAULT', 2000),('RENAULT', 2001),('RENAULT', 2002),('RENAULT', 2003),('RENAULT', 2004),('RENAULT', 2005),('RENAULT', 2006),('RENAULT', 2007),('RENAULT', 2008),('RENAULT', 2009),('RENAULT', 2010),('RENAULT', 2011),('RENAULT', 2012),('RENAULT', 2013),('RENAULT', 2014),('RENAULT', 2015),('RENAULT', 2016),('RENAULT', 2017),('RENAULT', 2018),('RENAULT', 2019),('RENAULT', 2020),('RENAULT', 2021),('RENAULT', 2022),('RENAULT', 2023),('RENAULT', 2024),('RENAULT', 2025),('RENAULT', 2026),
('CITROËN', 2000),('CITROËN', 2001),('CITROËN', 2002),('CITROËN', 2003),('CITROËN', 2004),('CITROËN', 2005),('CITROËN', 2006),('CITROËN', 2007),('CITROËN', 2008),('CITROËN', 2009),('CITROËN', 2010),('CITROËN', 2011),('CITROËN', 2012),('CITROËN', 2013),('CITROËN', 2014),('CITROËN', 2015),('CITROËN', 2016),('CITROËN', 2017),('CITROËN', 2018),('CITROËN', 2019),('CITROËN', 2020),('CITROËN', 2021),('CITROËN', 2022),('CITROËN', 2023),('CITROËN', 2024),('CITROËN', 2025),('CITROËN', 2026),
('VOLVO', 2000),('VOLVO', 2001),('VOLVO', 2002),('VOLVO', 2003),('VOLVO', 2004),('VOLVO', 2005),('VOLVO', 2006),('VOLVO', 2007),('VOLVO', 2008),('VOLVO', 2009),('VOLVO', 2010),('VOLVO', 2011),('VOLVO', 2012),('VOLVO', 2013),('VOLVO', 2014),('VOLVO', 2015),('VOLVO', 2016),('VOLVO', 2017),('VOLVO', 2018),('VOLVO', 2019),('VOLVO', 2020),('VOLVO', 2021),('VOLVO', 2022),('VOLVO', 2023),('VOLVO', 2024),('VOLVO', 2025),('VOLVO', 2026),
('SCANIA', 2000),('SCANIA', 2001),('SCANIA', 2002),('SCANIA', 2003),('SCANIA', 2004),('SCANIA', 2005),('SCANIA', 2006),('SCANIA', 2007),('SCANIA', 2008),('SCANIA', 2009),('SCANIA', 2010),('SCANIA', 2011),('SCANIA', 2012),('SCANIA', 2013),('SCANIA', 2014),('SCANIA', 2015),('SCANIA', 2016),('SCANIA', 2017),('SCANIA', 2018),('SCANIA', 2019),('SCANIA', 2020),('SCANIA', 2021),('SCANIA', 2022),('SCANIA', 2023),('SCANIA', 2024),('SCANIA', 2025),('SCANIA', 2026),
('BYD', 2000),('BYD', 2001),('BYD', 2002),('BYD', 2003),('BYD', 2004),('BYD', 2005),('BYD', 2006),('BYD', 2007),('BYD', 2008),('BYD', 2009),('BYD', 2010),('BYD', 2011),('BYD', 2012),('BYD', 2013),('BYD', 2014),('BYD', 2015),('BYD', 2016),('BYD', 2017),('BYD', 2018),('BYD', 2019),('BYD', 2020),('BYD', 2021),('BYD', 2022),('BYD', 2023),('BYD', 2024),('BYD', 2025),('BYD', 2026),
('GEELY', 2000),('GEELY', 2001),('GEELY', 2002),('GEELY', 2003),('GEELY', 2004),('GEELY', 2005),('GEELY', 2006),('GEELY', 2007),('GEELY', 2008),('GEELY', 2009),('GEELY', 2010),('GEELY', 2011),('GEELY', 2012),('GEELY', 2013),('GEELY', 2014),('GEELY', 2015),('GEELY', 2016),('GEELY', 2017),('GEELY', 2018),('GEELY', 2019),('GEELY', 2020),('GEELY', 2021),('GEELY', 2022),('GEELY', 2023),('GEELY', 2024),('GEELY', 2025),('GEELY', 2026),
('GREAT WALL MOTORS', 2000),('GREAT WALL MOTORS', 2001),('GREAT WALL MOTORS', 2002),('GREAT WALL MOTORS', 2003),('GREAT WALL MOTORS', 2004),('GREAT WALL MOTORS', 2005),('GREAT WALL MOTORS', 2006),('GREAT WALL MOTORS', 2007),('GREAT WALL MOTORS', 2008),('GREAT WALL MOTORS', 2009),('GREAT WALL MOTORS', 2010),('GREAT WALL MOTORS', 2011),('GREAT WALL MOTORS', 2012),('GREAT WALL MOTORS', 2013),('GREAT WALL MOTORS', 2014),('GREAT WALL MOTORS', 2015),('GREAT WALL MOTORS', 2016),('GREAT WALL MOTORS', 2017),('GREAT WALL MOTORS', 2018),('GREAT WALL MOTORS', 2019),('GREAT WALL MOTORS', 2020),('GREAT WALL MOTORS', 2021),('GREAT WALL MOTORS', 2022),('GREAT WALL MOTORS', 2023),('GREAT WALL MOTORS', 2024),('GREAT WALL MOTORS', 2025),('GREAT WALL MOTORS', 2026),
('NIO', 2000),('NIO', 2001),('NIO', 2002),('NIO', 2003),('NIO', 2004),('NIO', 2005),('NIO', 2006),('NIO', 2007),('NIO', 2008),('NIO', 2009),('NIO', 2010),('NIO', 2011),('NIO', 2012),('NIO', 2013),('NIO', 2014),('NIO', 2015),('NIO', 2016),('NIO', 2017),('NIO', 2018),('NIO', 2019),('NIO', 2020),('NIO', 2021),('NIO', 2022),('NIO', 2023),('NIO', 2024),('NIO', 2025),('NIO', 2026),
('XPENG MOTORS', 2000),('XPENG MOTORS', 2001),('XPENG MOTORS', 2002),('XPENG MOTORS', 2003),('XPENG MOTORS', 2004),('XPENG MOTORS', 2005),('XPENG MOTORS', 2006),('XPENG MOTORS', 2007),('XPENG MOTORS', 2008),('XPENG MOTORS', 2009),('XPENG MOTORS', 2010),('XPENG MOTORS', 2011),('XPENG MOTORS', 2012),('XPENG MOTORS', 2013),('XPENG MOTORS', 2014),('XPENG MOTORS', 2015),('XPENG MOTORS', 2016),('XPENG MOTORS', 2017),('XPENG MOTORS', 2018),('XPENG MOTORS', 2019),('XPENG MOTORS', 2020),('XPENG MOTORS', 2021),('XPENG MOTORS', 2022),('XPENG MOTORS', 2023),('XPENG MOTORS', 2024),('XPENG MOTORS', 2025),('XPENG MOTORS', 2026),
('TATA MOTORS', 2000),('TATA MOTORS', 2001),('TATA MOTORS', 2002),('TATA MOTORS', 2003),('TATA MOTORS', 2004),('TATA MOTORS', 2005),('TATA MOTORS', 2006),('TATA MOTORS', 2007),('TATA MOTORS', 2008),('TATA MOTORS', 2009),('TATA MOTORS', 2010),('TATA MOTORS', 2011),('TATA MOTORS', 2012),('TATA MOTORS', 2013),('TATA MOTORS', 2014),('TATA MOTORS', 2015),('TATA MOTORS', 2016),('TATA MOTORS', 2017),('TATA MOTORS', 2018),('TATA MOTORS', 2019),('TATA MOTORS', 2020),('TATA MOTORS', 2021),('TATA MOTORS', 2022),('TATA MOTORS', 2023),('TATA MOTORS', 2024),('TATA MOTORS', 2025),('TATA MOTORS', 2026),
('MAHINDRA', 2000),('MAHINDRA', 2001),('MAHINDRA', 2002),('MAHINDRA', 2003),('MAHINDRA', 2004),('MAHINDRA', 2005),('MAHINDRA', 2006),('MAHINDRA', 2007),('MAHINDRA', 2008),('MAHINDRA', 2009),('MAHINDRA', 2010),('MAHINDRA', 2011),('MAHINDRA', 2012),('MAHINDRA', 2013),('MAHINDRA', 2014),('MAHINDRA', 2015),('MAHINDRA', 2016),('MAHINDRA', 2017),('MAHINDRA', 2018),('MAHINDRA', 2019),('MAHINDRA', 2020),('MAHINDRA', 2021),('MAHINDRA', 2022),('MAHINDRA', 2023),('MAHINDRA', 2024),('MAHINDRA', 2025),('MAHINDRA', 2026),
('ROYAL ENFIELD', 2000),('ROYAL ENFIELD', 2001),('ROYAL ENFIELD', 2002),('ROYAL ENFIELD', 2003),('ROYAL ENFIELD', 2004),('ROYAL ENFIELD', 2005),('ROYAL ENFIELD', 2006),('ROYAL ENFIELD', 2007),('ROYAL ENFIELD', 2008),('ROYAL ENFIELD', 2009),('ROYAL ENFIELD', 2010),('ROYAL ENFIELD', 2011),('ROYAL ENFIELD', 2012),('ROYAL ENFIELD', 2013),('ROYAL ENFIELD', 2014),('ROYAL ENFIELD', 2015),('ROYAL ENFIELD', 2016),('ROYAL ENFIELD', 2017),('ROYAL ENFIELD', 2018),('ROYAL ENFIELD', 2019),('ROYAL ENFIELD', 2020),('ROYAL ENFIELD', 2021),('ROYAL ENFIELD', 2022),('ROYAL ENFIELD', 2023),('ROYAL ENFIELD', 2024),('ROYAL ENFIELD', 2025),('ROYAL ENFIELD', 2026);


-- Models (UPPERCASE)
INSERT INTO model (id, name, make_id) VALUES
  (1, 'CAMRY', 1),
  (2, 'COROLLA', 1),
  (3, 'CIVIC', 2),
  (4, 'ACCORD', 2),
  (5, 'F-150', 3);

-- Manuals (URLs unchanged)
INSERT INTO manual (id, url) VALUES
  (1, 'https://example.com/manuals/camry-le.pdf'),
  (2, 'https://example.com/manuals/camry-xle.pdf'),
  (3, 'https://example.com/manuals/corolla-se.pdf'),
  (4, 'https://example.com/manuals/corolla-xse.pdf'),
  (5, 'https://example.com/manuals/civic-lx.pdf'),
  (6, 'https://example.com/manuals/civic-ex.pdf'),
  (7, 'https://example.com/manuals/accord-sport.pdf'),
  (8, 'https://example.com/manuals/accord-touring.pdf'),
  (9, 'https://example.com/manuals/f150-xl.pdf'),
  (10,'https://example.com/manuals/f150-xlt.pdf');

-- Trims (UPPERCASE)
INSERT INTO trim (id, name, model_id, manual_id) VALUES
  (1, 'LE',        1, 1),
  (2, 'XLE',       1, 2),
  (3, 'SE',        2, 3),
  (4, 'XSE',       2, 4),
  (5, 'LX',        3, 5),
  (6, 'EX',        3, 6),
  (7, 'SPORT',     4, 7),
  (8, 'TOURING',   4, 8),
  (9, 'XL',        5, 9),
  (10,'XLT',       5, 10);

COMMIT;
